{
  "same_team": {
    "QB-WR": 0.4568851366688116,
    "QB-TE": 0.2941078237274915,
    "WR-WR": 0.48531296002280644,
    "RB-QB": 0.08660138484477439,
    "RB-WR": -0.007746984274171715,
    "RB-TE": -0.016823731249150486
  },
  "bring_back": {
    "QB-WR": 0.12550607545866088,
    "WR-WR": 0.1470328831824938,
    "QB-QB": 0.15452534846987195,
    "RB-PASS": -0.00263929581217913,
    "GENERIC": 0.04569301057086427
  }
}